precision,accuracy,recall,duration
0.9406859846244826,0.9402173913043478,0.9402173913043479,10277.159454107285
